{"cameraMode":{"drawMode":0,"name":"Shaded","section":"Shading Mode"},"sceneLighting":true,"audioPlay":false,"sceneViewState":{"showFog":true,"showMaterialUpdate":false,"showSkybox":true,"showFlares":true,"showImageEffects":true,"showParticleSystems":true},"in2DMode":false,"pivot":{"x":-0.3944668769836426,"y":1.4571571350097657,"z":0.993525505065918},"rotation":{"x":0.1806459277868271,"y":-0.8132289052009583,"z":0.4424874782562256,"w":0.3320102095603943},"size":13.161715507507325,"orthographic":false}